{
  "login": {
    "username": {
      "x": 105.59375,
      "y": 462.984375,
      "width": 485.3125,
      "height": 48.390625
    },
    "password": {
      "x": 105.59375,
      "y": 581.75,
      "width": 485.3125,
      "height": 48.390625
    },
    "button": {
      "x": 105.59375,
      "y": 755.5,
      "width": 485.3125,
      "height": 50.59375
    }
  },
  "home": {
    "aura": {
      "x": 1030.703125,
      "y": 62.78125,
      "width": 85.765625,
      "height": 34.984375
    }
  }
}